{"Validation Accuracy":0.960328317373461,"_wandb":{"runtime":16},"Train Loss":0.05820931830466852,"Train Accuracy":0.9822161422708618,"_step":4,"Epoch":5,"_timestamp":1.7374851900859327e+09,"_runtime":15.2401122,"Validation Loss":0.1928383959760659}