{"Validation Loss":0.5248518436604187,"Train Accuracy":0.9993160054719562,"_timestamp":1.7374705150745883e+09,"_step":4,"_runtime":294.9328167,"Validation Accuracy":0.957592339261286,"_wandb":{"runtime":302},"Epoch":5,"Train Loss":0.0012209396089076059}