{"Epoch":5,"Validation Loss":0.5167731157138213,"_wandb":{"runtime":89},"_timestamp":1.7374832827186744e+09,"_step":4,"Train Accuracy":0.9911080711354309,"_runtime":87.5985238,"Validation Accuracy":0.9548563611491108,"Train Loss":0.05112848166857702}