{"Train Loss":0.057927921418756134,"Train Accuracy":0.9887140902872777,"_runtime":179.3983708,"_wandb":{"runtime":195},"Validation Loss":0.5482490110005954,"_timestamp":1.7375574645829673e+09,"_step":4,"Epoch":5,"Validation Accuracy":0.9644322845417237}