{"Epoch":5,"Validation Accuracy":0.960328317373461,"_runtime":130.4993283,"_wandb":{"runtime":151},"Train Accuracy":0.9982900136798906,"Train Loss":0.006422659430637568,"_timestamp":1.7375572600822072e+09,"Validation Loss":0.40955943537802114,"_step":4}