{"Validation Loss":0.3490995266971659,"Train Loss":0.044822354517299025,"_step":4,"_timestamp":1.7375545372056205e+09,"Epoch":5,"_runtime":19.4159002,"Train Accuracy":0.9859781121751026,"Validation Accuracy":0.9589603283173734,"_wandb":{"runtime":24}}