{"Validation Loss":0.10634982355178503,"_wandb":{"runtime":17},"Epoch":5,"Train Loss":0.029179553824276873,"_runtime":16.9814656,"_timestamp":1.7374851557719862e+09,"Validation Accuracy":0.9671682626538988,"_step":4,"Train Accuracy":0.9931600547195623}