{"Train Loss":0.08290281161033992,"_wandb":{"runtime":158},"Train Accuracy":0.9627222982216143,"_timestamp":1.737557106737445e+09,"Validation Accuracy":0.9534883720930233,"_runtime":139.9616288,"Validation Loss":0.14031435123220515,"_step":4,"Epoch":5}