{"_timestamp":1.737554563407126e+09,"_step":4,"_wandb":{"runtime":23},"Validation Accuracy":0.9589603283173734,"_runtime":18.4213607,"Train Loss":0.05420673419845643,"Validation Loss":0.1584001604656188,"Epoch":5,"Train Accuracy":0.9832421340629275}