{"Validation Loss":0.11309355245323446,"Epoch":5,"Train Loss":0.00633486515935383,"_runtime":12.7339992,"_step":4,"Validation Accuracy":0.9712722298221614,"_timestamp":1.7374851717210763e+09,"Train Accuracy":0.9993160054719562,"_wandb":{"runtime":13}}