{"_timestamp":1.7375545102297523e+09,"Train Accuracy":0.9979480164158687,"Epoch":5,"_runtime":12.8931128,"Validation Accuracy":0.9685362517099864,"_wandb":{"runtime":17},"Validation Loss":0.11455490843745818,"_step":4,"Train Loss":0.011041958086325108}