{"_timestamp":1.7374835305408392e+09,"_wandb":{"runtime":95},"Train Loss":0.00425463095328798,"_runtime":92.1443642,"_step":4,"Epoch":5,"Train Accuracy":0.9993160054719562,"Validation Loss":0.904289045953351,"Validation Accuracy":0.960328317373461}