{"Validation Accuracy":0.9685362517099864,"_runtime":359.1085579,"_step":4,"Train Accuracy":0.9993160054719562,"Validation Loss":0.2763338069114248,"Epoch":5,"_wandb":{"runtime":391},"_timestamp":1.737469764690901e+09,"Train Loss":0.002273146604396729}