{"_step":4,"_runtime":404.1007294,"Epoch":5,"_wandb":{"runtime":411},"Train Loss":3.336040583270282e-05,"Validation Loss":0.37344222763494656,"Validation Accuracy":0.9685362517099864,"_timestamp":1.7374702037836561e+09,"Train Accuracy":1}