{"_runtime":146.53987,"_step":4,"Train Accuracy":0.993844049247606,"Epoch":5,"_wandb":{"runtime":149},"Train Loss":0.045943058737392066,"_timestamp":1.737483433294975e+09,"Validation Loss":1.169893781268814,"Validation Accuracy":0.9630642954856361}